Date,Links,Brands,Price
"July 18, 2023",Amazon Japan,Oi-ocha_600ml,8480 円
"July 18, 2023",Amazon Japan,Iyemon_600ml,0
"July 18, 2023",Amazon Japan,Ayataka_525ml,0
"July 18, 2023",Amazon Japan,Ayataka_chabano_amami_525ml,0
"July 18, 2023",Qoo10,Oi-ocha_600ml,5783 円
"July 18, 2023",Qoo10,Iyemon_600ml,3735 円
"July 18, 2023",Qoo10,Ayataka_525ml,3170 円
"July 18, 2023",Qoo10,Ayataka_chabano_amami_525ml,2776 円
"July 18, 2023",Rakuten,Oi-ocha_600ml,2698 円
"July 18, 2023",Rakuten,Iyemon_600ml,2500 円
"July 18, 2023",Rakuten,Ayataka_525ml,3342 円
"July 18, 2023",Rakuten,Ayataka_chabano_amami_525ml,3120 円
"July 18, 2023",Rakuten,Namacha_600ml,2268 円
"July 18, 2023",Wowma!,Oi-ocha_600ml,2021 円
"July 18, 2023",Wowma!,Iyemon_600ml,2199 円
"July 18, 2023",Wowma!,Ayataka_525ml,4752 円
"July 18, 2023",Wowma!,Namacha_600ml,3281 円
"July 18, 2023",Yahoo! Shopping,Oi-ocha_600ml,5928 円
"July 18, 2023",Yahoo! Shopping,Iyemon_600ml,2599 円
"July 18, 2023",Yahoo! Shopping,Ayataka_525ml,2304 円
"July 18, 2023",Yahoo! Shopping,Ayataka_chabano_amami_525ml,2496 円
"July 18, 2023",Yahoo! Shopping,Namacha_600ml,2274 円
"July 19, 2023",Amazon Japan,Oi-ocha_600ml,8480 円
"July 19, 2023",Amazon Japan,Iyemon_600ml,0
"July 19, 2023",Amazon Japan,Ayataka_525ml,0
"July 19, 2023",Amazon Japan,Ayataka_chabano_amami_525ml,0
"July 19, 2023",Qoo10,Oi-ocha_600ml,5783 円
"July 19, 2023",Qoo10,Iyemon_600ml,3735 円
"July 19, 2023",Qoo10,Ayataka_525ml,3170 円
"July 19, 2023",Qoo10,Ayataka_chabano_amami_525ml,2776 円
"July 19, 2023",Rakuten,Oi-ocha_600ml,2698 円
"July 19, 2023",Rakuten,Iyemon_600ml,2500 円
"July 19, 2023",Rakuten,Ayataka_525ml,3342 円
"July 19, 2023",Rakuten,Ayataka_chabano_amami_525ml,3120 円
"July 19, 2023",Rakuten,Namacha_600ml,2268 円
"July 19, 2023",Wowma!,Oi-ocha_600ml,2021 円
"July 19, 2023",Wowma!,Iyemon_600ml,2199 円
"July 19, 2023",Wowma!,Ayataka_525ml,4752 円
"July 19, 2023",Wowma!,Namacha_600ml,3281 円
"July 19, 2023",Yahoo! Shopping,Oi-ocha_600ml,5928 円
"July 19, 2023",Yahoo! Shopping,Iyemon_600ml,2599 円
"July 19, 2023",Yahoo! Shopping,Ayataka_525ml,2304 円
"July 19, 2023",Yahoo! Shopping,Ayataka_chabano_amami_525ml,2496 円
"July 19, 2023",Yahoo! Shopping,Namacha_600ml,2274 円
"July 20, 2023",Amazon Japan,Oi-ocha_600ml,8480 円
"July 20, 2023",Amazon Japan,Iyemon_600ml,0
"July 20, 2023",Amazon Japan,Ayataka_525ml,0
"July 20, 2023",Amazon Japan,Ayataka_chabano_amami_525ml,0
"July 20, 2023",Qoo10,Oi-ocha_600ml,5783 円
"July 20, 2023",Qoo10,Iyemon_600ml,3735 円
"July 20, 2023",Qoo10,Ayataka_525ml,3170 円
"July 20, 2023",Qoo10,Ayataka_chabano_amami_525ml,2776 円
"July 20, 2023",Rakuten,Oi-ocha_600ml,2698 円
"July 20, 2023",Rakuten,Iyemon_600ml,2500 円
"July 20, 2023",Rakuten,Ayataka_525ml,3342 円
"July 20, 2023",Rakuten,Ayataka_chabano_amami_525ml,3120 円
"July 20, 2023",Rakuten,Namacha_600ml,2268 円
"July 20, 2023",Wowma!,Oi-ocha_600ml,2021 円
"July 20, 2023",Wowma!,Iyemon_600ml,2199 円
"July 20, 2023",Wowma!,Ayataka_525ml,4752 円
"July 20, 2023",Wowma!,Namacha_600ml,3281 円
"July 20, 2023",Yahoo! Shopping,Oi-ocha_600ml,5928 円
"July 20, 2023",Yahoo! Shopping,Iyemon_600ml,2599 円
"July 20, 2023",Yahoo! Shopping,Ayataka_525ml,2304 円
"July 20, 2023",Yahoo! Shopping,Ayataka_chabano_amami_525ml,2496 円
"July 20, 2023",Yahoo! Shopping,Namacha_600ml,2274 円
"July 21, 2023",Amazon Japan,Oi-ocha_600ml,8480 円
"July 21, 2023",Amazon Japan,Iyemon_600ml,0
"July 21, 2023",Amazon Japan,Ayataka_525ml,0
"July 21, 2023",Amazon Japan,Ayataka_chabano_amami_525ml,0
"July 21, 2023",Qoo10,Oi-ocha_600ml,5783 円
"July 21, 2023",Qoo10,Iyemon_600ml,3735 円
"July 21, 2023",Qoo10,Ayataka_525ml,3170 円
"July 21, 2023",Qoo10,Ayataka_chabano_amami_525ml,2776 円
"July 21, 2023",Rakuten,Oi-ocha_600ml,2698 円
"July 21, 2023",Rakuten,Iyemon_600ml,2500 円
"July 21, 2023",Rakuten,Ayataka_525ml,3342 円
"July 21, 2023",Rakuten,Ayataka_chabano_amami_525ml,3120 円
"July 21, 2023",Rakuten,Namacha_600ml,0
"July 21, 2023",Wowma!,Oi-ocha_600ml,2021 円
"July 21, 2023",Wowma!,Iyemon_600ml,2199 円
"July 21, 2023",Wowma!,Ayataka_525ml,4752 円
"July 21, 2023",Wowma!,Namacha_600ml,3281 円
"July 21, 2023",Yahoo! Shopping,Oi-ocha_600ml,5928 円
"July 21, 2023",Yahoo! Shopping,Iyemon_600ml,2599 円
"July 21, 2023",Yahoo! Shopping,Ayataka_525ml,2304 円
"July 21, 2023",Yahoo! Shopping,Ayataka_chabano_amami_525ml,2496 円
"July 21, 2023",Yahoo! Shopping,Namacha_600ml,2274 円
"July 22, 2023",Amazon Japan,Oi-ocha_600ml,8480 円
"July 22, 2023",Amazon Japan,Iyemon_600ml,0
"July 22, 2023",Amazon Japan,Ayataka_525ml,0
"July 22, 2023",Amazon Japan,Ayataka_chabano_amami_525ml,0
"July 22, 2023",Qoo10,Oi-ocha_600ml,5783 円
"July 22, 2023",Qoo10,Iyemon_600ml,3735 円
"July 22, 2023",Qoo10,Ayataka_525ml,3170 円
"July 22, 2023",Qoo10,Ayataka_chabano_amami_525ml,2776 円
"July 22, 2023",Rakuten,Oi-ocha_600ml,2698 円
"July 22, 2023",Rakuten,Iyemon_600ml,2500 円
"July 22, 2023",Rakuten,Ayataka_525ml,3342 円
"July 22, 2023",Rakuten,Ayataka_chabano_amami_525ml,3120 円
"July 22, 2023",Rakuten,Namacha_600ml,0
"July 22, 2023",Wowma!,Oi-ocha_600ml,2021 円
"July 22, 2023",Wowma!,Iyemon_600ml,2199 円
"July 22, 2023",Wowma!,Ayataka_525ml,4752 円
"July 22, 2023",Wowma!,Namacha_600ml,3281 円
"July 22, 2023",Yahoo! Shopping,Oi-ocha_600ml,5928 円
"July 22, 2023",Yahoo! Shopping,Iyemon_600ml,2599 円
"July 22, 2023",Yahoo! Shopping,Ayataka_525ml,2304 円
"July 22, 2023",Yahoo! Shopping,Ayataka_chabano_amami_525ml,2496 円
"July 22, 2023",Yahoo! Shopping,Namacha_600ml,2321 円
"July 23, 2023",Amazon Japan,Oi-ocha_600ml,8480 円
"July 23, 2023",Amazon Japan,Iyemon_600ml,0
"July 23, 2023",Amazon Japan,Ayataka_525ml,0
"July 23, 2023",Amazon Japan,Ayataka_chabano_amami_525ml,0
"July 23, 2023",Qoo10,Oi-ocha_600ml,5783 円
"July 23, 2023",Qoo10,Iyemon_600ml,3735 円
"July 23, 2023",Qoo10,Ayataka_525ml,3170 円
"July 23, 2023",Qoo10,Ayataka_chabano_amami_525ml,2776 円
"July 23, 2023",Rakuten,Oi-ocha_600ml,2698 円
"July 23, 2023",Rakuten,Iyemon_600ml,2500 円
"July 23, 2023",Rakuten,Ayataka_525ml,3342 円
"July 23, 2023",Rakuten,Ayataka_chabano_amami_525ml,3120 円
"July 23, 2023",Rakuten,Namacha_600ml,0
"July 23, 2023",Wowma!,Oi-ocha_600ml,2021 円
"July 23, 2023",Wowma!,Iyemon_600ml,2199 円
"July 23, 2023",Wowma!,Ayataka_525ml,4752 円
"July 23, 2023",Wowma!,Namacha_600ml,3281 円
"July 23, 2023",Yahoo! Shopping,Oi-ocha_600ml,5928 円
"July 23, 2023",Yahoo! Shopping,Iyemon_600ml,2599 円
"July 23, 2023",Yahoo! Shopping,Ayataka_525ml,2304 円
"July 23, 2023",Yahoo! Shopping,Ayataka_chabano_amami_525ml,2496 円
"July 23, 2023",Yahoo! Shopping,Namacha_600ml,2274 円
"July 24, 2023",Amazon Japan,Oi-ocha_600ml,8480 円
"July 24, 2023",Amazon Japan,Iyemon_600ml,0
"July 24, 2023",Amazon Japan,Ayataka_525ml,0
"July 24, 2023",Amazon Japan,Ayataka_chabano_amami_525ml,0
"July 24, 2023",Qoo10,Oi-ocha_600ml,5783 円
"July 24, 2023",Qoo10,Iyemon_600ml,3033 円
"July 24, 2023",Qoo10,Ayataka_525ml,3170 円
"July 24, 2023",Qoo10,Ayataka_chabano_amami_525ml,2776 円
"July 24, 2023",Rakuten,Oi-ocha_600ml,2698 円
"July 24, 2023",Rakuten,Iyemon_600ml,2500 円
"July 24, 2023",Rakuten,Ayataka_525ml,3342 円
"July 24, 2023",Rakuten,Ayataka_chabano_amami_525ml,3120 円
"July 24, 2023",Rakuten,Namacha_600ml,0
"July 24, 2023",Wowma!,Oi-ocha_600ml,2021 円
"July 24, 2023",Wowma!,Iyemon_600ml,2199 円
"July 24, 2023",Wowma!,Ayataka_525ml,4752 円
"July 24, 2023",Wowma!,Namacha_600ml,3281 円
"July 24, 2023",Yahoo! Shopping,Oi-ocha_600ml,5928 円
"July 24, 2023",Yahoo! Shopping,Iyemon_600ml,2599 円
"July 24, 2023",Yahoo! Shopping,Ayataka_525ml,2304 円
"July 24, 2023",Yahoo! Shopping,Ayataka_chabano_amami_525ml,2496 円
"July 24, 2023",Yahoo! Shopping,Namacha_600ml,2274 円
"July 25, 2023",Amazon Japan,Oi-ocha_600ml,8480 円
"July 25, 2023",Amazon Japan,Iyemon_600ml,0
"July 25, 2023",Amazon Japan,Ayataka_525ml,0
"July 25, 2023",Amazon Japan,Ayataka_chabano_amami_525ml,0
"July 25, 2023",Qoo10,Oi-ocha_600ml,5783 円
"July 25, 2023",Qoo10,Iyemon_600ml,3033 円
"July 25, 2023",Qoo10,Ayataka_525ml,3170 円
"July 25, 2023",Qoo10,Ayataka_chabano_amami_525ml,2776 円
"July 25, 2023",Rakuten,Oi-ocha_600ml,2698 円
"July 25, 2023",Rakuten,Iyemon_600ml,2500 円
"July 25, 2023",Rakuten,Ayataka_525ml,3342 円
"July 25, 2023",Rakuten,Ayataka_chabano_amami_525ml,3120 円
"July 25, 2023",Rakuten,Namacha_600ml,0
"July 25, 2023",Wowma!,Oi-ocha_600ml,2021 円
"July 25, 2023",Wowma!,Iyemon_600ml,2199 円
"July 25, 2023",Wowma!,Ayataka_525ml,4752 円
"July 25, 2023",Wowma!,Namacha_600ml,3281 円
"July 25, 2023",Yahoo! Shopping,Oi-ocha_600ml,5928 円
"July 25, 2023",Yahoo! Shopping,Iyemon_600ml,2599 円
"July 25, 2023",Yahoo! Shopping,Ayataka_525ml,2304 円
"July 25, 2023",Yahoo! Shopping,Ayataka_chabano_amami_525ml,2496 円
"July 25, 2023",Yahoo! Shopping,Namacha_600ml,2297 円
"July 26, 2023",Amazon Japan,Oi-ocha_600ml,8480 円
"July 26, 2023",Amazon Japan,Iyemon_600ml,0
"July 26, 2023",Amazon Japan,Ayataka_525ml,0
"July 26, 2023",Amazon Japan,Ayataka_chabano_amami_525ml,0
"July 26, 2023",Qoo10,Oi-ocha_600ml,5783 円
"July 26, 2023",Qoo10,Iyemon_600ml,3033 円
"July 26, 2023",Qoo10,Ayataka_525ml,3170 円
"July 26, 2023",Qoo10,Ayataka_chabano_amami_525ml,2776 円
"July 26, 2023",Rakuten,Oi-ocha_600ml,2698 円
"July 26, 2023",Rakuten,Iyemon_600ml,2500 円
"July 26, 2023",Rakuten,Ayataka_525ml,3342 円
"July 26, 2023",Rakuten,Ayataka_chabano_amami_525ml,3120 円
"July 26, 2023",Rakuten,Namacha_600ml,0
"July 26, 2023",Wowma!,Oi-ocha_600ml,2021 円
"July 26, 2023",Wowma!,Iyemon_600ml,2199 円
"July 26, 2023",Wowma!,Ayataka_525ml,4752 円
"July 26, 2023",Wowma!,Namacha_600ml,3281 円
"July 26, 2023",Yahoo! Shopping,Oi-ocha_600ml,5928 円
"July 26, 2023",Yahoo! Shopping,Iyemon_600ml,2599 円
"July 26, 2023",Yahoo! Shopping,Ayataka_525ml,2304 円
"July 26, 2023",Yahoo! Shopping,Ayataka_chabano_amami_525ml,2496 円
"July 26, 2023",Yahoo! Shopping,Namacha_600ml,2274 円
"July 27, 2023",Amazon Japan,Oi-ocha_600ml,8480 円
"July 27, 2023",Amazon Japan,Iyemon_600ml,0
"July 27, 2023",Amazon Japan,Ayataka_525ml,0
"July 27, 2023",Amazon Japan,Ayataka_chabano_amami_525ml,0
"July 27, 2023",Qoo10,Oi-ocha_600ml,5783 円
"July 27, 2023",Qoo10,Iyemon_600ml,3033 円
"July 27, 2023",Qoo10,Ayataka_525ml,3170 円
"July 27, 2023",Qoo10,Ayataka_chabano_amami_525ml,2776 円
"July 27, 2023",Rakuten,Oi-ocha_600ml,2698 円
"July 27, 2023",Rakuten,Iyemon_600ml,2500 円
"July 27, 2023",Rakuten,Ayataka_525ml,3342 円
"July 27, 2023",Rakuten,Ayataka_chabano_amami_525ml,3120 円
"July 27, 2023",Rakuten,Namacha_600ml,0
"July 27, 2023",Wowma!,Oi-ocha_600ml,2021 円
"July 27, 2023",Wowma!,Iyemon_600ml,2199 円
"July 27, 2023",Wowma!,Ayataka_525ml,4752 円
"July 27, 2023",Wowma!,Namacha_600ml,3281 円
"July 27, 2023",Yahoo! Shopping,Oi-ocha_600ml,5928 円
"July 27, 2023",Yahoo! Shopping,Iyemon_600ml,2599 円
"July 27, 2023",Yahoo! Shopping,Ayataka_525ml,2304 円
"July 27, 2023",Yahoo! Shopping,Ayataka_chabano_amami_525ml,2496 円
"July 27, 2023",Yahoo! Shopping,Namacha_600ml,2297 円
